accession,source_url,source_sha256,used_by_result,result_json_sha256,n_valid_sites,auroc,status
ENCFF128DKF,https://www.encodeproject.org/files/ENCFF128DKF/@@download/ENCFF128DKF.bigWig,NOT_RETAINED,results/gap5_encode_sweep.json,86b0a0e13eb6be91b6a530eebde4f7fdc3a4da76751c541598c56731608cd864,1629,0.521806076245192,provisional_source_hash_missing
ENCFF915UDE,https://www.encodeproject.org/files/ENCFF915UDE/@@download/ENCFF915UDE.bigWig,NOT_RETAINED,results/gap5_encode_sweep.json,86b0a0e13eb6be91b6a530eebde4f7fdc3a4da76751c541598c56731608cd864,1271,0.3966019417475728,provisional_source_hash_missing
ENCFF643IZX,https://www.encodeproject.org/files/ENCFF643IZX/@@download/ENCFF643IZX.bigWig,NOT_RETAINED,results/gap5_encode_sweep.json,86b0a0e13eb6be91b6a530eebde4f7fdc3a4da76751c541598c56731608cd864,1271,0.41412390198797966,provisional_source_hash_missing
ENCFF312LYO,https://www.encodeproject.org/files/ENCFF312LYO/@@download/ENCFF312LYO.bigWig,NOT_RETAINED,results/gap5_encode_sweep.json,86b0a0e13eb6be91b6a530eebde4f7fdc3a4da76751c541598c56731608cd864,1271,0.4340499306518724,provisional_source_hash_missing
ENCFF745HXR,https://www.encodeproject.org/files/ENCFF745HXR/@@download/ENCFF745HXR.bigWig,NOT_RETAINED,results/gap5_encode_sweep.json,86b0a0e13eb6be91b6a530eebde4f7fdc3a4da76751c541598c56731608cd864,1271,0.4514794267221452,provisional_source_hash_missing
ENCFF526QTS,https://www.encodeproject.org/files/ENCFF526QTS/@@download/ENCFF526QTS.bigWig,NOT_RETAINED,results/gap5_encode_sweep.json,86b0a0e13eb6be91b6a530eebde4f7fdc3a4da76751c541598c56731608cd864,1271,0.436708275543227,provisional_source_hash_missing
ENCFF291SWG,https://www.encodeproject.org/files/ENCFF291SWG/@@download/ENCFF291SWG.bigWig,NOT_RETAINED,results/gap5_encode_sweep.json,86b0a0e13eb6be91b6a530eebde4f7fdc3a4da76751c541598c56731608cd864,1271,0.42182154415164125,provisional_source_hash_missing
ENCFF834YLI,https://www.encodeproject.org/files/ENCFF834YLI/@@download/ENCFF834YLI.bigWig,NOT_RETAINED,results/gap5_encode_sweep.json,86b0a0e13eb6be91b6a530eebde4f7fdc3a4da76751c541598c56731608cd864,1271,0.4926490984743412,provisional_source_hash_missing
ENCFF559JGD,https://www.encodeproject.org/files/ENCFF559JGD/@@download/ENCFF559JGD.bigWig,NOT_RETAINED,results/gap5_encode_sweep2.json,cb9cba4cdf871737abcd6f949e15f63b9f2b52e31495c3ec49cba050dc6f423e,160,0.5360040567951319,provisional_source_hash_missing
ENCFF095QLZ,https://www.encodeproject.org/files/ENCFF095QLZ/@@download/ENCFF095QLZ.bigWig,NOT_RETAINED,results/gap5_encode_sweep2.json,cb9cba4cdf871737abcd6f949e15f63b9f2b52e31495c3ec49cba050dc6f423e,160,0.5336375929682218,provisional_source_hash_missing
ENCFF051PGV,https://www.encodeproject.org/files/ENCFF051PGV/@@download/ENCFF051PGV.bigWig,NOT_RETAINED,results/gap5_encode_sweep2.json,cb9cba4cdf871737abcd6f949e15f63b9f2b52e31495c3ec49cba050dc6f423e,388,0.48385579937304074,provisional_source_hash_missing
ENCFF799KLZ,https://www.encodeproject.org/files/ENCFF799KLZ/@@download/ENCFF799KLZ.bigWig,NOT_RETAINED,results/gap5_encode_sweep2.json,cb9cba4cdf871737abcd6f949e15f63b9f2b52e31495c3ec49cba050dc6f423e,388,0.5281347962382446,provisional_source_hash_missing
ENCFF426GCA,https://www.encodeproject.org/files/ENCFF426GCA/@@download/ENCFF426GCA.bigWig,NOT_RETAINED,results/gap5_encode_sweep2.json,cb9cba4cdf871737abcd6f949e15f63b9f2b52e31495c3ec49cba050dc6f423e,388,0.49806687565308255,provisional_source_hash_missing
ENCFF388WMD,https://www.encodeproject.org/files/ENCFF388WMD/@@download/ENCFF388WMD.bigWig,NOT_RETAINED,results/gap5_encode_sweep2.json,cb9cba4cdf871737abcd6f949e15f63b9f2b52e31495c3ec49cba050dc6f423e,388,0.5264367816091954,provisional_source_hash_missing
ENCFF191EXE,https://www.encodeproject.org/files/ENCFF191EXE/@@download/ENCFF191EXE.bigWig,NOT_RETAINED,results/gap5_encode_sweep3.json,b1ac27af0b71b03f4461647a0d9cb117758fccfb37745d06dd1fe9a2815b64f2,1271,0.42258437355524736,provisional_source_hash_missing
ENCFF118MMT,https://www.encodeproject.org/files/ENCFF118MMT/@@download/ENCFF118MMT.bigWig,NOT_RETAINED,results/gap5_encode_sweep3.json,b1ac27af0b71b03f4461647a0d9cb117758fccfb37745d06dd1fe9a2815b64f2,1271,0.43389967637540455,provisional_source_hash_missing
ENCFF003CLZ,https://www.encodeproject.org/files/ENCFF003CLZ/@@download/ENCFF003CLZ.bigWig,NOT_RETAINED,results/gap5_encode_sweep3.json,b1ac27af0b71b03f4461647a0d9cb117758fccfb37745d06dd1fe9a2815b64f2,1271,0.5081484049930652,provisional_source_hash_missing
ENCFF866KTJ,https://www.encodeproject.org/files/ENCFF866KTJ/@@download/ENCFF866KTJ.bigWig,NOT_RETAINED,results/gap5_encode_sweep3.json,b1ac27af0b71b03f4461647a0d9cb117758fccfb37745d06dd1fe9a2815b64f2,1271,0.4492949607027277,provisional_source_hash_missing
ENCFF143CUR,https://www.encodeproject.org/files/ENCFF143CUR/@@download/ENCFF143CUR.bigWig,NOT_RETAINED,results/gap5_encode_sweep3.json,b1ac27af0b71b03f4461647a0d9cb117758fccfb37745d06dd1fe9a2815b64f2,1271,0.48984049930651874,provisional_source_hash_missing
ENCFF484EAZ,https://www.encodeproject.org/files/ENCFF484EAZ/@@download/ENCFF484EAZ.bigWig,NOT_RETAINED,results/gap5_encode_sweep3.json,b1ac27af0b71b03f4461647a0d9cb117758fccfb37745d06dd1fe9a2815b64f2,388,0.5495559038662486,provisional_source_hash_missing
ENCFF559FSM,https://www.encodeproject.org/files/ENCFF559FSM/@@download/ENCFF559FSM.bigWig,NOT_RETAINED,results/gap5_encode_sweep3.json,b1ac27af0b71b03f4461647a0d9cb117758fccfb37745d06dd1fe9a2815b64f2,388,0.5484848484848485,provisional_source_hash_missing
ENCFF699TXY,https://www.encodeproject.org/files/ENCFF699TXY/@@download/ENCFF699TXY.bigWig,NOT_RETAINED,results/gap5_encode_sweep3.json,b1ac27af0b71b03f4461647a0d9cb117758fccfb37745d06dd1fe9a2815b64f2,388,0.4940961337513062,provisional_source_hash_missing
ENCFF761QZP,https://www.encodeproject.org/files/ENCFF761QZP/@@download/ENCFF761QZP.bigWig,NOT_RETAINED,results/gap5_encode_sweep3.json,b1ac27af0b71b03f4461647a0d9cb117758fccfb37745d06dd1fe9a2815b64f2,388,0.5497648902821317,provisional_source_hash_missing
