pam2,n,mean_cleavage,frac_cleaved,cfd_pam_score
GG,4362,0.1040999404206581,0.9862448418156808,1.0
GC,158,0.04630369451596561,0.9746835443037974,0.022222222000000003
TT,49,0.04045372479704501,1.0,0.0
TC,33,0.031558290214775436,1.0,0.0
AG,200,0.01407079909139756,0.95,0.25925925899999996
GT,203,0.01380481212503451,0.9901477832512315,0.016129031999999998
TG,315,0.013706915872870757,0.9841269841269841,0.038961038999999996
GA,208,0.00922109389907349,0.9855769230769231,0.06944444400000001
CG,153,0.008335793129443474,0.9411764705882353,0.107142857
CT,62,0.003846202809121081,0.9838709677419355,0.0
TA,30,3.4274458669433744e-05,1.0,0.0
